{
  "meta": {
    "source": "yard.json",
    "layer": "Т-склад",
    "extractedAt": "2026-01-23T11:10:44.976Z",
    "count": 1
  },
  "bounds": {
    "minX": 13051.68689625431,
    "maxX": 13067.01612847242,
    "minY": 73210.78469924997,
    "maxY": 73227.50087751316
  },
  "warehouses": [
    {
      "id": 1,
      "handle": "19478C",
      "vertices": [
        {
          "x": 13055.46019561086,
          "y": 73227.50087751316
        },
        {
          "x": 13067.01612847242,
          "y": 73224.26662092183
        },
        {
          "x": 13063.24282911591,
          "y": 73210.78469924997
        },
        {
          "x": 13051.68689625431,
          "y": 73214.01895584128
        }
      ],
      "centroid": {
        "x": 13059.351512363375,
        "y": 73219.14278838155
      },
      "bounds": {
        "minX": 13051.68689625431,
        "maxX": 13067.01612847242,
        "minY": 73210.78469924997,
        "maxY": 73227.50087751316
      },
      "area": 168.00000005960464,
      "elevation": 633.2551213769397,
      "label": "Склад 1"
    }
  ]
}